id,tendienvien,created_at,updated_at
1,"Cổ Thiên Lạc","2020-05-02 04:01:12","2020-05-02 04:01:12"
2,"Lưu Đức Hoa","2020-05-02 07:21:28","2020-05-02 07:21:28"
3,"KWON Sang-woo","2020-05-02 07:27:34","2020-05-02 07:27:34"
4,"Joaquin Phoenix","2020-05-02 07:32:01","2020-05-02 07:32:01"
5,"Ngô Kinh","2020-05-02 07:43:32","2020-05-02 07:43:32"
6,"Scott Adkins","2020-05-02 07:43:48","2020-05-02 07:43:48"
7,"Kevin Lee","2020-05-02 07:43:59","2020-05-02 07:43:59"
8,"Trịnh Gia Dĩnh","2020-05-02 08:38:43","2020-05-02 08:38:43"
9,"Lâm Phong","2020-05-02 08:40:59","2020-05-02 08:40:59"
10,"Trương Trí Lâm","2020-05-02 08:42:55","2020-05-02 08:42:55"
50,"Will Smith","2020-05-03 02:44:50","2020-05-03 02:44:50"
51,"Martin Lawrence","2020-05-03 02:44:58","2020-05-03 02:44:58"
52,"Vanessa Hudgens","2020-05-03 02:45:06","2020-05-03 02:45:06"
53,"Chris Evans","2020-05-03 06:53:05","2020-05-03 06:53:05"
54,"Frank Grillo","2020-05-03 06:53:35","2020-05-03 06:53:35"
55,"Lâm Gia Đống","2020-05-03 07:16:37","2020-05-03 07:16:37"
